step	loss
0	1.6678755283355713
1	0.5314449071884155
2	0.10819124430418015
3	0.05256079509854317
4	0.02270979806780815
5	0.011531866155564785
6	0.004273587372153997
7	0.0021865274757146835
8	0.002702858531847596
