step	loss
0	1.6822128295898438
1	0.2627948522567749
2	0.06067444756627083
