{
    "train": {
        "loss": 0.002702858531847596
    },
    "eval": {
        "loss": 2.1318168364814483e-05
    },
    "error_rate": 0.0,
    "step": 8
}