{
    "train": {
        "loss": 0.06067444756627083
    },
    "eval": {
        "loss": 0.011975251138210297
    },
    "error_rate": 0.0020032781176269054,
    "step": 2
}