step	loss
0	0.8634358644485474
1	0.17176923155784607
2	0.019180864095687866
3	0.0041967290453612804
4	0.001297216396778822
5	0.0005738434847444296
6	0.0002911456977017224
7	4.1240706195821986e-05
8	2.1318168364814483e-05
