step	loss
0	0.8382306098937988
1	0.049013424664735794
2	0.011975251138210297
