step	error_rate
0	0.237115278840065
1	0.010926971212029457
2	0.0020032781176269054
