step	error_rate
0	0.25532689690589905
1	0.04134037345647812
2	0.004917137324810028
3	0.0012748133158311248
4	0.000546348572243005
5	0.0
6	0.00018211618589702994
7	0.0
8	0.0
